accuracy,loss,precision,recall,val_accuracy,val_loss,val_precision,val_recall,learning_rate
0.5708333253860474,1.4138085842132568,0.612728476524353,0.4713541567325592,0.6645833253860474,1.2680174112319946,0.8938906788825989,0.5791666507720947,0.0010000000474974513
0.7541666626930237,0.9891141057014465,0.7901524305343628,0.7020833492279053,0.8604166507720947,0.880752444267273,0.9101941585540771,0.78125,0.0010000000474974513
0.8145833611488342,0.815142035484314,0.8321329355239868,0.7822916507720947,0.9104166626930237,0.6532891392707825,0.91862952709198,0.893750011920929,0.0010000000474974513
0.8276041746139526,0.7554168701171875,0.8377358317375183,0.809374988079071,0.9312499761581421,0.5407990217208862,0.9363057613372803,0.918749988079071,0.0010000000474974513
0.8567708134651184,0.651271402835846,0.8632478713989258,0.8416666388511658,0.9604166746139526,0.43428853154182434,0.9604166746139526,0.9604166746139526,0.0010000000474974513
0.875,0.5734421610832214,0.8817603588104248,0.8661458492279053,0.9375,0.4043717682361603,0.9373695254325867,0.9354166388511658,0.0010000000474974513
0.8802083134651184,0.5185739994049072,0.8872418999671936,0.8729166388511658,0.9645833373069763,0.3403567671775818,0.9645833373069763,0.9645833373069763,0.0010000000474974513
0.8843749761581421,0.5068026781082153,0.8866033554077148,0.8755208253860474,0.9458333253860474,0.3398245573043823,0.9458333253860474,0.9458333253860474,0.0010000000474974513
0.8822916746139526,0.46599963307380676,0.8873091340065002,0.8776041865348816,0.956250011920929,0.2922646701335907,0.9582463502883911,0.956250011920929,0.0010000000474974513
0.8869791626930237,0.45645174384117126,0.8909378051757812,0.8807291388511658,0.9479166865348816,0.2830570638179779,0.9497907757759094,0.9458333253860474,0.0010000000474974513
0.9005208611488342,0.39558231830596924,0.9040377736091614,0.8979166746139526,0.9291666746139526,0.3043763339519501,0.9291666746139526,0.9291666746139526,0.0010000000474974513
0.9088541865348816,0.3750888407230377,0.9124279022216797,0.90625,0.9479166865348816,0.257846862077713,0.9479166865348816,0.9479166865348816,0.0010000000474974513
0.9114583134651184,0.36656397581100464,0.9134766459465027,0.9072916507720947,0.9666666388511658,0.22885288298130035,0.9666666388511658,0.9666666388511658,0.0010000000474974513
0.910937488079071,0.3417964577674866,0.913567304611206,0.9083333611488342,0.9729166626930237,0.19682933390140533,0.9729166626930237,0.9729166626930237,0.0010000000474974513
0.9130208492279053,0.33980560302734375,0.9172341823577881,0.9119791388511658,0.9624999761581421,0.1912587434053421,0.9624999761581421,0.9624999761581421,0.0010000000474974513
0.9145833253860474,0.3273365795612335,0.9163179993629456,0.9125000238418579,0.981249988079071,0.18210718035697937,0.981249988079071,0.981249988079071,0.0010000000474974513
0.9151041507720947,0.32951295375823975,0.9167103171348572,0.9114583134651184,0.9791666865348816,0.17942339181900024,0.9791231751441956,0.9770833253860474,0.0010000000474974513
0.9135416746139526,0.2994652986526489,0.9171473383903503,0.910937488079071,0.9750000238418579,0.16565647721290588,0.9750000238418579,0.9750000238418579,0.0010000000474974513
0.918749988079071,0.3037031590938568,0.9194560647010803,0.9156249761581421,0.96875,0.1735462248325348,0.96875,0.96875,0.0010000000474974513
0.9114583134651184,0.3185817003250122,0.913294792175293,0.9052083492279053,0.96875,0.16530302166938782,0.96875,0.96875,0.0010000000474974513
0.9161458611488342,0.290711909532547,0.9187631011009216,0.9130208492279053,0.9729166626930237,0.1463194191455841,0.9729166626930237,0.9729166626930237,0.0010000000474974513
0.9239583611488342,0.27885231375694275,0.9241234660148621,0.9197916388511658,0.981249988079071,0.14475683867931366,0.981249988079071,0.981249988079071,0.0010000000474974513
0.9203125238418579,0.2823120355606079,0.9213424324989319,0.9151041507720947,0.9791666865348816,0.1427675187587738,0.9791666865348816,0.9791666865348816,0.0010000000474974513
0.934374988079071,0.25394755601882935,0.9357030987739563,0.9322916865348816,0.9791666865348816,0.1272517889738083,0.9791666865348816,0.9791666865348816,0.0010000000474974513
0.9166666865348816,0.2694959044456482,0.9203354120254517,0.9145833253860474,0.9770833253860474,0.13405083119869232,0.9770833253860474,0.9770833253860474,0.0010000000474974513
0.9140625,0.27260053157806396,0.914882481098175,0.9125000238418579,0.981249988079071,0.12123851478099823,0.981249988079071,0.981249988079071,0.0010000000474974513
0.9203125238418579,0.2736953794956207,0.9220303297042847,0.9177083373069763,0.9770833253860474,0.1351570338010788,0.9770833253860474,0.9770833253860474,0.0010000000474974513
0.9208333492279053,0.2598899006843567,0.9217527508735657,0.9203125238418579,0.9791666865348816,0.1318088322877884,0.9791666865348816,0.9791666865348816,0.0010000000474974513
0.934374988079071,0.23650141060352325,0.9348279237747192,0.9338541626930237,0.9729166626930237,0.1332756131887436,0.9729166626930237,0.9729166626930237,0.0010000000474974513
0.9229166507720947,0.261515349149704,0.9256154894828796,0.9203125238418579,0.9604166746139526,0.14947351813316345,0.9604166746139526,0.9604166746139526,0.0010000000474974513
0.934374988079071,0.24831628799438477,0.9346917271614075,0.9317708611488342,0.9645833373069763,0.14239558577537537,0.9645833373069763,0.9645833373069763,0.0010000000474974513
0.932812511920929,0.2337539941072464,0.9336121082305908,0.9302083253860474,0.9708333611488342,0.11896774172782898,0.9708333611488342,0.9708333611488342,0.0010000000474974513
0.9354166388511658,0.23172862827777863,0.9363256692886353,0.934374988079071,0.9666666388511658,0.13269825279712677,0.9666666388511658,0.9666666388511658,0.0010000000474974513
0.932812511920929,0.22509430348873138,0.9337160587310791,0.9317708611488342,0.9645833373069763,0.14535315334796906,0.9645833373069763,0.9645833373069763,0.0010000000474974513
0.9286458492279053,0.22421720623970032,0.9290558099746704,0.9276041388511658,0.9750000238418579,0.11753340065479279,0.9750000238418579,0.9750000238418579,0.0010000000474974513
0.934374988079071,0.22777113318443298,0.9343065619468689,0.9333333373069763,0.9645833373069763,0.11992933601140976,0.9645833373069763,0.9645833373069763,0.0010000000474974513
0.9307291507720947,0.2439229041337967,0.9319728016853333,0.9276041388511658,0.9729166626930237,0.11806998401880264,0.9729166626930237,0.9729166626930237,0.0010000000474974513
0.9260416626930237,0.2267429530620575,0.9264858961105347,0.9255208373069763,0.96875,0.1350490152835846,0.96875,0.96875,0.0010000000474974513
0.9375,0.22284141182899475,0.9389033913612366,0.9364583492279053,0.9770833253860474,0.11087913066148758,0.9770833253860474,0.9770833253860474,0.0010000000474974513
0.9432291388511658,0.20553867518901825,0.9436619877815247,0.942187488079071,0.96875,0.11439597606658936,0.96875,0.96875,0.0010000000474974513
0.9307291507720947,0.22495999932289124,0.9312141537666321,0.9307291507720947,0.9624999761581421,0.13585074245929718,0.9624999761581421,0.9624999761581421,0.0010000000474974513
0.9260416626930237,0.2472066581249237,0.9263322949409485,0.9234374761581421,0.9750000238418579,0.11716757714748383,0.9750000238418579,0.9750000238418579,0.0010000000474974513
0.9333333373069763,0.22092574834823608,0.9331941604614258,0.9312499761581421,0.9666666388511658,0.135747492313385,0.9666666388511658,0.9666666388511658,0.0010000000474974513
0.9276041388511658,0.21421106159687042,0.9279749393463135,0.9260416626930237,0.9770833253860474,0.11380598694086075,0.9770833253860474,0.9770833253860474,0.0010000000474974513
0.9432291388511658,0.20127084851264954,0.9437206983566284,0.9432291388511658,0.9770833253860474,0.11045169085264206,0.9770833253860474,0.9770833253860474,0.0010000000474974513
0.9359375238418579,0.21708790957927704,0.9359375238418579,0.9359375238418579,0.96875,0.1227446123957634,0.96875,0.96875,0.0010000000474974513
0.9364583492279053,0.2161429226398468,0.9369463324546814,0.9364583492279053,0.9708333611488342,0.1062743216753006,0.9708333611488342,0.9708333611488342,0.0010000000474974513
0.9447916746139526,0.19573834538459778,0.9447052478790283,0.9432291388511658,0.9791666865348816,0.10504308342933655,0.9791666865348816,0.9791666865348816,0.0010000000474974513
0.9317708611488342,0.22335191071033478,0.9322210550308228,0.9312499761581421,0.9729166626930237,0.11117789894342422,0.9729166626930237,0.9729166626930237,0.0010000000474974513
0.9463541507720947,0.19236895442008972,0.9478351473808289,0.9463541507720947,0.96875,0.10922333598136902,0.96875,0.96875,0.0010000000474974513
0.9432291388511658,0.21271319687366486,0.9431699514389038,0.942187488079071,0.9583333134651184,0.146356001496315,0.9583333134651184,0.9583333134651184,0.0010000000474974513
0.940625011920929,0.21766327321529388,0.9410229921340942,0.9390624761581421,0.9645833373069763,0.11692110449075699,0.9645833373069763,0.9645833373069763,0.0010000000474974513
0.9395833611488342,0.21683062613010406,0.9404699802398682,0.9380208253860474,0.9708333611488342,0.10639052838087082,0.9708333611488342,0.9708333611488342,0.0010000000474974513
0.9401041865348816,0.1992516964673996,0.9400729537010193,0.9395833611488342,0.9645833373069763,0.11977370828390121,0.9645833373069763,0.9645833373069763,0.0010000000474974513
0.940625011920929,0.19535836577415466,0.9405630826950073,0.9395833611488342,0.9645833373069763,0.11642332375049591,0.9645833373069763,0.9645833373069763,0.0010000000474974513
0.9437500238418579,0.18565210700035095,0.9447052478790283,0.9432291388511658,0.9833333492279053,0.10283435136079788,0.9833333492279053,0.9833333492279053,0.0010000000474974513
0.9348958134651184,0.20711427927017212,0.9353493452072144,0.934374988079071,0.9750000238418579,0.10753381997346878,0.9750000238418579,0.9750000238418579,0.0010000000474974513
0.9432291388511658,0.21296265721321106,0.9431995749473572,0.9427083134651184,0.96875,0.11301186680793762,0.96875,0.96875,0.0010000000474974513
0.9348958134651184,0.21910858154296875,0.9348958134651184,0.9348958134651184,0.9770833253860474,0.10365645587444305,0.9770833253860474,0.9770833253860474,0.0010000000474974513
0.9458333253860474,0.20911188423633575,0.9458051323890686,0.9453125,0.9729166626930237,0.1102433130145073,0.9729166626930237,0.9729166626930237,0.0010000000474974513
0.9432291388511658,0.1985446661710739,0.9432291388511658,0.9432291388511658,0.9729166626930237,0.09930841624736786,0.9729166626930237,0.9729166626930237,0.0010000000474974513
0.9307291507720947,0.23063485324382782,0.930656909942627,0.9296875,0.96875,0.11047640442848206,0.96875,0.96875,0.0010000000474974513
0.9468749761581421,0.18852201104164124,0.9468196034431458,0.9458333253860474,0.9770833253860474,0.10270559787750244,0.9770833253860474,0.9770833253860474,0.0010000000474974513
0.9348958134651184,0.22042879462242126,0.9353493452072144,0.934374988079071,0.9708333611488342,0.11262092739343643,0.9708333611488342,0.9708333611488342,0.0010000000474974513
0.9385416507720947,0.2015942931175232,0.9389671087265015,0.9375,0.96875,0.12051953375339508,0.96875,0.96875,0.0010000000474974513
0.9411458373069763,0.1920032650232315,0.9426186680793762,0.9411458373069763,0.9791666865348816,0.10257402062416077,0.9791666865348816,0.9791666865348816,0.0010000000474974513
0.9375,0.20650090277194977,0.9374348521232605,0.9364583492279053,0.9729166626930237,0.11897619068622589,0.9729166626930237,0.9729166626930237,0.0010000000474974513
0.9369791746139526,0.20184190571308136,0.9369791746139526,0.9369791746139526,0.96875,0.11974877864122391,0.96875,0.96875,0.0010000000474974513
0.9390624761581421,0.20370762050151825,0.9389671087265015,0.9375,0.9729166626930237,0.10479945689439774,0.9729166626930237,0.9729166626930237,0.0010000000474974513
0.9416666626930237,0.20909613370895386,0.9436031579971313,0.9411458373069763,0.9624999761581421,0.11036990582942963,0.9624999761581421,0.9624999761581421,0.0010000000474974513
0.9312499761581421,0.21222104132175446,0.9316996932029724,0.9307291507720947,0.9729166626930237,0.10345099121332169,0.9729166626930237,0.9729166626930237,0.0010000000474974513
0.9447916746139526,0.1875573843717575,0.9447340965270996,0.9437500238418579,0.9854166507720947,0.09650034457445145,0.9854166507720947,0.9854166507720947,0.0005000000237487257
0.9442708492279053,0.19297634065151215,0.9442708492279053,0.9442708492279053,0.9791666865348816,0.09414876252412796,0.9791666865348816,0.9791666865348816,0.0005000000237487257
0.9427083134651184,0.1898638904094696,0.9441545009613037,0.942187488079071,0.9645833373069763,0.10407479107379913,0.9645833373069763,0.9645833373069763,0.0005000000237487257
0.9479166865348816,0.1752455234527588,0.9489051103591919,0.9479166865348816,0.9750000238418579,0.09324845671653748,0.9750000238418579,0.9750000238418579,0.0005000000237487257
0.9411458373069763,0.1842232346534729,0.9411458373069763,0.9411458373069763,0.9854166507720947,0.0910712257027626,0.9854166507720947,0.9854166507720947,0.0005000000237487257
0.9463541507720947,0.18207158148288727,0.9463261961936951,0.9458333253860474,0.9729166626930237,0.09058889746665955,0.9729166626930237,0.9729166626930237,0.0005000000237487257
0.9437500238418579,0.17875303328037262,0.9442418217658997,0.9437500238418579,0.9770833253860474,0.09154260903596878,0.9770833253860474,0.9770833253860474,0.0005000000237487257
0.9494791626930237,0.15819716453552246,0.9494791626930237,0.9494791626930237,0.9750000238418579,0.09293822944164276,0.9750000238418579,0.9750000238418579,0.0005000000237487257
0.9473958611488342,0.1749107539653778,0.947889506816864,0.9473958611488342,0.9833333492279053,0.08210361003875732,0.9833333492279053,0.9833333492279053,0.0005000000237487257
0.9614583253860474,0.15449309349060059,0.9619593620300293,0.9614583253860474,0.9770833253860474,0.07997891306877136,0.9770833253860474,0.9770833253860474,0.0005000000237487257
0.9541666507720947,0.17950066924095154,0.9551616311073303,0.9541666507720947,0.9854166507720947,0.08119011670351028,0.9854166507720947,0.9854166507720947,0.0005000000237487257
0.9432291388511658,0.18171027302742004,0.9436913728713989,0.9427083134651184,0.9770833253860474,0.08965562283992767,0.9770833253860474,0.9770833253860474,0.0005000000237487257
0.9453125,0.18473228812217712,0.9453125,0.9453125,0.9708333611488342,0.09493053704500198,0.9708333611488342,0.9708333611488342,0.0005000000237487257
0.940625011920929,0.1837904304265976,0.9410537481307983,0.9395833611488342,0.9729166626930237,0.09195884317159653,0.9729166626930237,0.9729166626930237,0.0005000000237487257
0.948437511920929,0.17858023941516876,0.9494001269340515,0.9479166865348816,0.981249988079071,0.08688749372959137,0.981249988079071,0.981249988079071,0.0005000000237487257
0.9348958134651184,0.2022685706615448,0.9358707070350647,0.9348958134651184,0.9729166626930237,0.08834495395421982,0.9729166626930237,0.9729166626930237,0.0005000000237487257
0.9463541507720947,0.17025978863239288,0.9463541507720947,0.9463541507720947,0.9791666865348816,0.09000853449106216,0.9791666865348816,0.9791666865348816,0.0005000000237487257
0.9515625238418579,0.17578573524951935,0.9515625238418579,0.9515625238418579,0.9833333492279053,0.08210832625627518,0.9833333492279053,0.9833333492279053,0.0005000000237487257
0.9494791626930237,0.1779693067073822,0.9494791626930237,0.9494791626930237,0.9770833253860474,0.08489111065864563,0.9770833253860474,0.9770833253860474,0.0005000000237487257
0.9432291388511658,0.18237702548503876,0.9431995749473572,0.9427083134651184,0.9708333611488342,0.08973614871501923,0.9708333611488342,0.9708333611488342,0.0005000000237487257
0.9505208134651184,0.16888347268104553,0.9504950642585754,0.949999988079071,0.9770833253860474,0.08357777446508408,0.9770833253860474,0.9770833253860474,0.0002500000118743628
0.9552083611488342,0.153809055685997,0.9552083611488342,0.9552083611488342,0.9729166626930237,0.08141501992940903,0.9729166626930237,0.9729166626930237,0.0002500000118743628
0.953125,0.15267008543014526,0.953125,0.953125,0.9708333611488342,0.08523902297019958,0.9708333611488342,0.9708333611488342,0.0002500000118743628
0.9494791626930237,0.16549471020698547,0.9494791626930237,0.9494791626930237,0.9750000238418579,0.08158478140830994,0.9750000238418579,0.9750000238418579,0.0002500000118743628
0.9510416388511658,0.16249209642410278,0.950990617275238,0.949999988079071,0.96875,0.08411361277103424,0.96875,0.96875,0.0002500000118743628
